<?xml version="1.0" encoding="UTF-8"?>
<!-- Licensed to the Apache Software Foundation (ASF) under one or more contributor 
	license agreements. See the NOTICE file distributed with this work for additional 
	information regarding copyright ownership. The ASF licenses this file to 
	You under the Apache License, Version 2.0 (the "License"); you may not use 
	this file except in compliance with the License. You may obtain a copy of 
	the License at http://www.apache.org/licenses/LICENSE-2.0 Unless required 
	by applicable law or agreed to in writing, software distributed under the 
	License is distributed on an "AS IS" BASIS, WITHOUT WARRANTIES OR CONDITIONS 
	OF ANY KIND, either express or implied. See the License for the specific 
	language governing permissions and limitations under the License. --><!-- The contents of this file will be loaded for each web application -->
<Context>

	<!-- Default set of monitored resources. If one of these changes, the -->
	<!-- web application will be reloaded. -->
	<WatchedResource>WEB-INF/web.xml</WatchedResource>
	<WatchedResource>${catalina.base}/conf/web.xml</WatchedResource>

	<!-- Uncomment this to disable session persistence across Tomcat restarts -->
	<!-- <Manager pathname="" /> -->

	<!-- Uncomment this to enable Comet connection tacking (provides events 
		on session expiration as well as webapp lifecycle) -->
	<!-- <Valve className="org.apache.catalina.valves.CometConnectionManagerValve" 
		/> -->
		
<!-- 	Online RDS for testing -->
<!-- 	<Resource name="jdbc/PhotoSharingDB2" auth="Container"  factory="org.apache.tomcat.jdbc.pool.DataSourceFactory" -->
<!-- 		type="javax.sql.DataSource" maxTotal="4" maxIdle="30" maxWaitMillis="10000" -->
<!-- 		username="root" password="password" driverClassName="com.mysql.jdbc.Driver" testOnBorrow="true" validationQuery="SELECT 1"  -->
<!-- 		url="jdbc:mysql://<YOUR RDS DNS>:3306/<YOUR RDS SCHEMA>" /> -->

<!-- Online memcached for testing. Only available from EB --> 
<!-- 	<Manager className="de.javakaffee.web.msm.MemcachedBackupSessionManager" sessionBackupAsync="false" sticky="false" -->
<!-- 		memcachedNodes="<YOUR ELASTICACHE MEMCACHED NODE OR CLUSTER CONFIG>:11211" requestUriIgnorePattern=".*\.(ico|png|gif|jpg|css|js)$" /> -->

<!-- 
	For using auto discovery please provide the elasticache config endpoint ref. http://docs.aws.amazon.com/AmazonElastiCache/latest/UserGuide/Endpoints.html 	
-->

	<Resource name="jdbc/PhotoSharingDB2" auth="Container"  factory="org.apache.tomcat.jdbc.pool.DataSourceFactory"
		type="javax.sql.DataSource" maxTotal="4" maxIdle="2" maxWaitMillis="10000" removeAbandoned="true" removeAbandonedTimeout="10" logAbandoned="true"
		username="photosharing" password="password" driverClassName="com.mysql.jdbc.Driver"
		url="jdbc:mysql://localhost:3306/photosharing" />

	<Realm className="org.apache.catalina.realm.LockOutRealm">

		<Realm className="org.apache.catalina.realm.JDBCRealm"
			driverName="com.mysql.jdbc.Driver" connectionURL="jdbc:mysql://localhost:3306/photosharing"
			connectionName="photosharing" connectionPassword="password"
			userTable="user" userNameCol="user_id" userCredCol="password"
			userRoleTable="role_mappings" roleNameCol="role" />
	</Realm>

</Context>