<?xml version="1.0" encoding="UTF-8"?>
<!--
  ~ Copyright 2010-2017 Amazon.com, Inc. or its affiliates. All Rights Reserved.
  ~
  ~ Licensed under the Apache License, Version 2.0 (the "License").
  ~ You may not use this file except in compliance with the License.
  ~ A copy of the License is located at
  ~
  ~  http://aws.amazon.com/apache2.0
  ~
  ~ or in the "license" file accompanying this file. This file is distributed
  ~ on an "AS IS" BASIS, WITHOUT WARRANTIES OR CONDITIONS OF ANY KIND, either
  ~ express or implied. See the License for the specific language governing
  ~ permissions and limitations under the License.
  ~
  -->

<ehcache xmlns:xsi="http://www.w3.org/2001/XMLSchema-instance"
	xsi:noNamespaceSchemaLocation="ehcache.xsd" updateCheck="true"
	monitoring="autodetect" dynamicConfig="true">

	<diskStore path="java.io.tmpdir/ehcache" />

	<defaultCache 
			maxEntriesLocalHeap="10000" 
			eternal="false"
			timeToIdleSeconds="120" 
			timeToLiveSeconds="120" 
			diskSpoolBufferSizeMB="30"
			maxEntriesLocalDisk="10000000" 
			diskExpiryThreadIntervalSeconds="120"
			memoryStoreEvictionPolicy="LFU" 
			statistics="true">
		<persistence strategy="none" />
	</defaultCache>

	<cache 	name="user" 
			maxEntriesLocalHeap="10000" 
			eternal="false"
			timeToIdleSeconds="60" 
			timeToLiveSeconds="60">
		<persistence strategy="none" />
	</cache>
	
	<cache 	name="role" 
			maxEntriesLocalHeap="10" 
			eternal="false"
			timeToIdleSeconds="60" 
			timeToLiveSeconds="60">
		<persistence strategy="none" />
	</cache>
	
	<cache 	name="dictionary" 
			maxEntriesLocalHeap="10000" 
			eternal="false"
			timeToIdleSeconds="60" 
			timeToLiveSeconds="60">
		<persistence strategy="none" />
	</cache>
	
		<cache 	name="config" 
			maxEntriesLocalHeap="100" 
			eternal="false"
			timeToIdleSeconds="60" 
			timeToLiveSeconds="60">
		<persistence strategy="none" />
	</cache>
	

	<cache 	name="org.hibernate.cache.internal.StandardQueryCache" 
			overflowToOffHeap="false"
			maxEntriesLocalHeap="100" 
			eternal="false" 
			timeToLiveSeconds="60">
		<persistence strategy="none" />
	</cache>

	<cache name="org.hibernate.cache.spi.UpdateTimestampsCache"
		maxEntriesLocalHeap="5000" eternal="false">
		<persistence strategy="none" />
	</cache>
</ehcache>